{"schemaVersion":"1.0","appDefinitionTemplate":{"id":"/providers/Microsoft.PowerApps/apps/","type":"Microsoft.PowerApps/apps","tags":{"primaryDeviceWidth":"1366","primaryDeviceHeight":"768","sienaVersion":"20200520T014411Z-3.20051.16.0","deviceCapabilities":"","supportsPortrait":"false","supportsLandscape":"true","primaryFormFactor":"Tablet","publisherVersion":"3.20051.16","minimumRequiredApiVersion":"2.2.0","hasComponent":"false","hasUnlockedComponent":"false","isUnifiedRootApp":"false"},"properties":{"appVersion":"2020-05-20T01:44:11Z","lifeCycleId":"Published","createdByClientVersion":{"major":3,"minor":20051,"build":16,"revision":0,"majorRevision":0,"minorRevision":0},"minClientVersion":{"major":3,"minor":20051,"build":16,"revision":0,"majorRevision":0,"minorRevision":0},"backgroundColor":"rgba(0, 176, 240, 1)","backgroundImageUri":"/12513206276016589725/N6bea0709-a1da-43e8-8462-3c95216e5b2c-logoSmallFile","displayName":"Device Ordering App","description":"","commitMessage":"","appUris":{"documentUri":{"value":"/12513206276016589725/Nec044b28-9340-4146-92db-45ed6426b2bc-document.msapp","readonlyValue":"/12513206276016589725/Nec044b28-9340-4146-92db-45ed6426b2bc-document.msapp"},"imageUris":[]},"createdTime":"0001-01-01T00:00:00Z","lastModifiedTime":"0001-01-01T00:00:00Z","sharedGroupsCount":0,"sharedUsersCount":0,"icons":{"smallIconUri":"/12513206276016589725/N42464c38-a535-43ba-b5a1-08b09a1784c5-small.png","mediumIconUri":"/12513206276016589725/N1694e94a-f3ca-4074-9466-e944cc16289e-medium.png","largeIconUri":"/12513206276016589725/N5e685988-4871-47ff-ba4c-a94d3c7b2eed-large.png","wideIconUri":"/12513206276016589725/N76210bbd-0d37-4896-8b08-9edabe0983b1-wide.png"},"connectionReferences":{},"databaseReferences":{},"almMode":"Environment","performanceOptimizationEnabled":true,"canConsumeAppPass":true},"isAppComponentLibrary":false,"appType":"ClassicCanvasApp","appComponents":[]}}